threshold,recall,precision,f1,accuracy,auc
0.1,0.9686162624821684,0.35135834411384215,0.5156635655971141,0.5170390003786445,0.8329338978190215
0.15,0.9436519258202568,0.3835894462162946,0.5454545454545454,0.5825444907232109,0.8329338978190215
0.2,0.9172610556348074,0.4163159598575591,0.5727009574704965,0.6366906474820144,0.8329338978190215
0.25,0.8823109843081313,0.44560518731988474,0.5921493537577789,0.6773949261643317,0.8329338978190215
0.3,0.8380884450784594,0.469812075169932,0.6021009479887266,0.7059825823551685,0.8329338978190215
0.35,0.7995720399429387,0.49645704162976084,0.6125683060109289,0.7315410829231351,0.8329338978190215
0.4,0.7624821683309557,0.5166747220879652,0.6159608182080092,0.7476334721696327,0.8329338978190215
0.45,0.7282453637660485,0.5370857443450815,0.6182258552830759,0.7612646724725483,0.8329338978190215
0.5,0.7004279600570613,0.5669745958429562,0.6266751754945756,0.7784929950776222,0.8329338978190215
0.55,0.6562054208273894,0.5844980940279543,0.6182795698924731,0.7849299507762211,0.8329338978190215
0.6,0.5998573466476462,0.6015736766809728,0.6007142857142858,0.78833775085195,0.8329338978190215
0.65,0.5520684736091298,0.6282467532467533,0.5876993166287016,0.7943960620976903,0.8329338978190215
0.7,0.4793152639087018,0.6473988439306358,0.5508196721311476,0.7925028398333964,0.8329338978190215
0.75,0.4115549215406562,0.6678240740740741,0.5092674315975286,0.7894736842105263,0.8329338978190215
0.8,0.32952924393723254,0.7107692307692308,0.4502923976608187,0.7864445285876562,0.8329338978190215
0.85,0.22182596291012838,0.7814070351758794,0.34555555555555556,0.7769784172661871,0.8329338978190215
0.9,0.137660485021398,0.8616071428571429,0.23739237392373924,0.7652404392275653,0.8329338978190215
